kreis,zone,personen,arbeidsinzet,overlijden,medisch,huwelijk,geboorte,lat,lon,top_herkomst_nl
Kassel,Amerikaanse,41967,38404,3563,0,0,0,51.31578,9.49785,Rotterdam (5877); Amsterdam (3542); 's-Gravenhage (1702)
Berlijn,,37516,35939,1577,0,0,0,52.51739,13.39513,Amsterdam (5697); Rotterdam (2803); 's-Gravenhage (1690)
München,Amerikaanse,29240,29240,0,0,0,0,48.13711,11.57538,Rotterdam (6106); Amsterdam (2457); 's-Gravenhage (1697)
Hamburg,Engelse,20469,10968,5248,3784,0,469,53.55017,10.00132,Rotterdam (1889); Amsterdam (1259); 's-Gravenhage (1113)
Augsburg,Amerikaanse,15373,15373,0,0,0,0,48.36903,10.89795,Rotterdam (2800); Amsterdam (1429); 's-Gravenhage (888)
Offenbach,Amerikaanse,11460,11460,0,0,0,0,50.1055,8.76107,Amsterdam (2318); Rotterdam (564); 's-Gravenhage (279)
Rottweil,Franse,10576,9610,373,497,75,21,48.16782,8.62698,Rotterdam (1249); 's-Gravenhage (627); Amsterdam (294)
Grossgerau,Amerikaanse,10100,9821,279,0,0,0,49.89642,8.4554,Amsterdam (1015); Rotterdam (829); 's-Gravenhage (398)
Moers,Engelse,10061,9608,451,0,0,2,51.45128,6.62843,Nijmegen (666); Rotterdam (438); Amsterdam (282)
Osnabruck,Engelse,9992,8437,1555,0,0,0,52.27196,8.04763,Rotterdam (1066); Amsterdam (651); 's-Gravenhage (265)
Duisburg,Engelse,8864,5800,3064,0,0,0,51.435,6.75956,Rotterdam (734); Dordrecht (185); Amsterdam (159)
Tettnang,Franse,8287,8287,0,0,0,0,47.67166,9.58912,'s-Gravenhage (1165); Rotterdam (1074); Amsterdam (218)
Braunschweig,Engelse,8196,7191,1005,0,0,0,52.26466,10.52361,Amsterdam (743); Rotterdam (401); Utrecht (210)
Hannover,Engelse,7930,5539,2391,0,0,0,52.37448,9.73855,Amsterdam (665); Rotterdam (470); 's-Gravenhage (177)
Aachen,Engelse,7121,5405,873,0,424,419,50.77635,6.08386,Maastricht (124); Vaals (105); Heerlen (101)
Steinfurt,Engelse,7083,7083,0,0,0,0,52.13775,7.35814,Enschede (478); Rotterdam (118); Amsterdam (82)
Regensburg,Amerikaanse,6750,6750,0,0,0,0,49.01953,12.09749,Rotterdam (734); Amsterdam (600); Vlaardingen (384)
Lübeck,Engelse,6535,6535,0,0,0,0,53.86644,10.68474,Rotterdam (623); 's-Gravenhage (612); Amsterdam (479)
Schweinfurt,Amerikaanse,6452,6452,0,0,0,0,50.04515,10.23406,Rotterdam (1135); Dordrecht (572); Utrecht (447)
Darmstadt,Amerikaanse,6446,6446,0,0,0,0,49.87277,8.65118,'s-Gravenhage (513); Amsterdam (501); Rotterdam (324)
Kleve,Engelse,6423,6423,0,0,0,0,51.78956,6.1376,Asperen (145); Ottersum (81); Groesbeek (68)
Marburg,Amerikaanse,6354,6354,0,0,0,0,50.80901,8.77047,Rotterdam (343); Amsterdam (299); Eindhoven (184)
Kiel,Engelse,6340,5697,643,0,0,0,54.32271,10.13556,Rotterdam (161); 's-Gravenhage (108); Amsterdam (96)
Mülheim An Der Ruhr,Engelse,6057,6057,0,0,0,0,51.42729,6.88292,Rotterdam (545); Amsterdam (197); 's-Gravenhage (84)
Bremen,Amerikaanse,6050,6050,0,0,0,0,53.07582,8.80716,Rotterdam (689); Amsterdam (602); 's-Gravenhage (160)
Fallingbostel,Engelse,5717,5717,0,0,0,0,52.82174,9.66014,Groningen (282); Rotterdam (271); Amsterdam (219)
Ludwigshafen Am Rhein,Franse,5710,5710,0,0,0,0,49.47041,8.43816,Amsterdam (459); Rotterdam (155); 's-Gravenhage (79)
Düsseldorf,Engelse,5710,3741,1969,0,0,0,51.2254,6.77631,Rotterdam (155); Amsterdam (71); Maastricht (64)
Witzenhausen,Amerikaanse,5535,5535,0,0,0,0,51.33319,9.84342,Amsterdam (409); Rotterdam (391); 's-Hertogenbosch (235)
Essen,Engelse,5352,3787,1565,0,0,0,51.45822,7.01582,Amsterdam (315); Rotterdam (178); Bergen op Zoom (174)
Dortmund,Engelse,5351,2285,3066,0,0,0,51.51423,7.46528,Rotterdam (428); Amsterdam (199); Velsen (151)
Nürnberg,Amerikaanse,5147,5147,0,0,0,0,49.45387,11.0773,Rotterdam (820); Amsterdam (617); 's-Gravenhage (380)
Krefeld,Engelse,5028,5028,0,0,0,0,51.33312,6.56233,Rotterdam (113); Nijmegen (96); Amsterdam (70)
Wesermünde,Engelse,5000,5000,0,0,0,0,53.55054,8.58519,Rotterdam (620); Amsterdam (427); 's-Gravenhage (272)
Mannheim,Amerikaanse,4908,3761,1147,0,0,0,49.48929,8.46731,Rotterdam (447); 's-Gravenhage (351); Amsterdam (291)
Schönebeck,Russische,4794,4794,0,0,0,0,52.0206,11.73833,Amsterdam (518); Rotterdam (459); 's-Gravenhage (271)
Münster,Engelse,4200,4200,0,0,0,0,51.96251,7.62519,Amsterdam (173); Enschede (161); Rotterdam (135)
Baden-Baden,Franse,4173,4173,0,0,0,0,48.76107,8.23996,Amsterdam (421); 's-Gravenhage (313); Rotterdam (171)
Oldenburg En Oldenburg-Holstein,Engelse,3818,3818,0,0,0,0,53.13898,8.2146,Groningen (222); Rotterdam (213); Amsterdam (129)
Hagen I.W.,Engelse,3653,3653,0,0,0,0,53.3577,8.64564,Rotterdam (250); Amsterdam (171); Nijmegen (103)
Keulen,Engelse,3643,2746,897,0,0,0,50.93836,6.95997,Rotterdam (144); Amsterdam (121); 's-Gravenhage (53)
Bielefeld,Engelse,3586,3586,0,0,0,0,52.0191,8.53101,Rotterdam (385); Amsterdam (266); 's-Gravenhage (113)
Friedberg,Amerikaanse,3389,2907,482,0,0,0,50.32827,8.74764,Rotterdam (302); 's-Gravenhage (281); Amsterdam (185)
Hersfeld,Amerikaanse,3385,3385,0,0,0,0,50.86042,9.67677,'s-Gravenhage (255); Rotterdam (251); Amsterdam (210)
Hof An Der Saale,Amerikaanse,3296,3296,0,0,0,0,50.33068,10.23545,Rotterdam (354); 's-Gravenhage (295); Amsterdam (262)
Iserlohn,Engelse,3262,3262,0,0,0,0,51.37468,7.69997,Rotterdam (139); Amsterdam (139); Nijmegen (87)
Hamm,Engelse,3216,3216,0,0,0,0,51.68128,7.81912,Rotterdam (381); Deventer (205); Amsterdam (132)
Gelsenkirchen,Engelse,3210,3210,0,0,0,0,51.51103,7.09601,Rotterdam (126); Amsterdam (101); 's-Gravenhage (53)
Wetzlar,Amerikaanse,3129,3129,0,0,0,0,50.57056,8.53125,Rotterdam (461); 's-Gravenhage (394); Amsterdam (161)
Wiesbaden,Amerikaanse,3128,3128,0,0,0,0,50.08204,8.24166,Rotterdam (341); Amsterdam (269); 's-Gravenhage (157)
Kempen-Krefeld,Engelse,3124,752,2372,0,0,0,51.23776,6.38057,Venlo (136); Rotterdam (84); Tegelen (57)
Hassfurt,Amerikaanse,3102,3102,0,0,0,0,50.04278,10.50862,Dordrecht (410); Gorinchem (376); Rotterdam (279)
Nienburg,Engelse,3097,3097,0,0,0,0,52.64878,9.25781,Amsterdam (226); Rotterdam (209); 's-Gravenhage (109)
Herzogentum Lauenburg,Engelse,3060,3060,0,0,0,0,53.70111,10.77429,Rotterdam (197); Amsterdam (137); Apeldoorn (108)
Ennepe-Ruhr,Engelse,3000,3000,0,0,0,0,51.45169,7.33046,Rotterdam (98); Gendringen (85); Tilburg (78)
Düsseldorf-Mettmann,Engelse,2998,1622,1376,0,0,0,51.2192,6.80497,Rotterdam (151); Amsterdam (147); 's-Gravenhage (78)
Emmendingen,Franse,2995,2995,0,0,0,0,48.12066,7.85099,'s-Gravenhage (326); Rotterdam (272); Amsterdam (166)
Mainz,Franse,2966,1706,0,1260,0,0,49.99952,8.27363,Rotterdam (261); Amsterdam (144); 's-Gravenhage (72)
Celle,Engelse,2914,2914,0,0,0,0,52.62406,10.08105,Amsterdam (223); Rotterdam (219); Utrecht (75)
Neuss,Engelse,2904,2904,0,0,0,0,51.19818,6.69165,'s-Hertogenbosch (130); Amsterdam (114); Rotterdam (89)
Ravensburg,Franse,2864,2864,0,0,0,0,47.7811,9.61247,'s-Gravenhage (558); Rotterdam (453); Amsterdam (130)
Obertaunus,Amerikaanse,2837,2837,0,0,0,0,50.26687,8.56809,Amsterdam (296); Rotterdam (270); 's-Gravenhage (97)
Recklinghausen,Engelse,2824,2824,0,0,0,0,51.61438,7.19785,Rotterdam (75); Amsterdam (33); Arnhem (15)
Mönchengladbach,Engelse,2802,2802,0,0,0,0,51.19471,6.43538,Roermond (136); Venlo (130); Amsterdam (54)
Dessau-Köthen,Russische,2669,2669,0,0,0,0,51.7446,11.99366,Amsterdam (353); Rotterdam (82); Utrecht (67)
Magdeburg,Russische,2669,1700,969,0,0,0,52.13148,11.64008,Amsterdam (182); Rotterdam (119); Groningen (59)
Watenstedt-Salzgitter,Engelse,2643,2643,0,0,0,0,52.15037,10.35931,Amsterdam (133); Helden (102); Rotterdam (93)
Dinslaken,Engelse,2621,2621,0,0,0,0,51.56236,6.73451,Arnhem (212); Rotterdam (86); Renkum (80)
Saarbrücken,Franse,2615,2321,294,0,0,0,49.23436,6.99638,Amsterdam (156); Rotterdam (122); 's-Gravenhage (110)
Flensburg,Engelse,2571,2571,0,0,0,0,54.7833,9.43333,Rotterdam (535); 's-Gravenhage (134); Amsterdam (75)
Wilhelsmhaven,Engelse,2484,2484,0,0,0,0,53.53683,8.02616,Rotterdam (84); Groningen (71); Amsterdam (43)
Karlsruhe,Amerikaanse,2376,2376,0,0,0,0,49.00687,8.40342,'s-Gravenhage (250); Rotterdam (250); Amsterdam (204)
Erlangen,Amerikaanse,2369,2369,0,0,0,0,49.58916,10.98121,Rotterdam (215); 's-Hertogenbosch (214); Amsterdam (177)
Solingen,Engelse,2327,2327,0,0,0,0,51.17216,7.08459,Amsterdam (78); Utrecht (39); Maastricht (39)
Rendsburg,Engelse,2299,2299,0,0,0,0,54.30029,9.66501,Rotterdam (384); Amsterdam (70); Schiedam (50)
Plün,Engelse,2296,2296,0,0,0,0,54.15808,10.41771,Amsterdam (133); Rotterdam (109); 's-Gravenhage (87)
Main-Taunus,Amerikaanse,2284,2284,0,0,0,0,50.11333,8.42678,Amsterdam (337); Tilburg (111); Rotterdam (110)
Lörrach,Franse,2281,2281,0,0,0,0,47.61209,7.66072,'s-Gravenhage (98); Rotterdam (62); Tilburg (23)
Eutin,Engelse,2256,2256,0,0,0,0,54.13646,10.61591,Rotterdam (138); Amsterdam (106); Groningen (77)
Konstanz,Franse,2234,2234,0,0,0,0,47.65922,9.17507,'s-Gravenhage (84); Rotterdam (41); Amsterdam (40)
Hanau,Amerikaanse,2218,2218,0,0,0,0,50.13288,8.91698,Rotterdam (229); Amsterdam (125); Leiden (92)
Säckingen,Franse,2184,2184,0,0,0,0,47.55275,7.94106,'s-Gravenhage (165); Rotterdam (77); Amsterdam (56)
Dachau,Amerikaanse,2166,2166,0,0,0,0,48.25951,11.43467,Rotterdam (362); Amsterdam (213); 's-Gravenhage (168)
Wilhelmshaven,Engelse,2123,439,0,1684,0,0,53.52788,8.1063,Groningen (52); Amsterdam (47); Rotterdam (35)
Oberhausen,Engelse,2100,2100,0,0,0,0,51.46961,6.85144,Amsterdam (148); Rotterdam (142); Arnhem (65)
Garmisch-Partenkirchen,Amerikaanse,2068,2068,0,0,0,0,47.49237,11.09628,Amsterdam (244); Rotterdam (187); 's-Gravenhage (80)
Waldeck,Amerikaanse,2061,2061,0,0,0,0,50.91138,11.78201,Rotterdam (173); 's-Gravenhage (123); Amsterdam (99)
Fürstenfeldbrück,Amerikaanse,2036,2036,0,0,0,0,48.17947,11.25472,Rotterdam (486); Hardinxveld (129); Amsterdam (97)
Neumünster,Engelse,2024,2024,0,0,0,0,54.07033,9.98845,Rotterdam (75); Zwolle (52); Amsterdam (38)
Altötting,Amerikaanse,2020,2020,0,0,0,0,48.22681,12.67579,Rotterdam (443); 's-Gravenhage (353); Amsterdam (101)
Bamberg,Amerikaanse,2016,2016,0,0,0,0,49.8916,10.88685,Rotterdam (225); Amsterdam (138); 's-Gravenhage (68)
Bonn,Engelse,1987,1987,0,0,0,0,50.73526,7.10246,Rotterdam (166); Amsterdam (127); Maastricht (73)
Nürtingen,Amerikaanse,1983,1983,0,0,0,0,48.62659,9.33655,'s-Gravenhage (355); Rotterdam (236); Amsterdam (197)
Rosenheim,Amerikaanse,1979,1979,0,0,0,0,47.85579,12.1273,Rotterdam (360); Utrecht (124); Amsterdam (100)
Giessen,Amerikaanse,1967,1967,0,0,0,0,50.58621,8.67423,Rotterdam (221); Amsterdam (152); 's-Gravenhage (113)
Wiedenbrück,Engelse,1950,1950,0,0,0,0,51.83583,8.31302,Amsterdam (136); Rotterdam (114); Kampen (62)
Weilheim,Amerikaanse,1942,1942,0,0,0,0,47.83951,11.14164,Rotterdam (316); Amsterdam (92); Haarlem (45)
Dill,Amerikaanse,1906,1906,0,0,0,0,49.91666,7.34659,Rotterdam (189); 's-Gravenhage (121); Amsterdam (114)
Stuttgart,Amerikaanse,1885,1885,0,0,0,0,48.77845,9.18001,Rotterdam (258); Amsterdam (185); 's-Gravenhage (144)
Unna,Engelse,1873,1873,0,0,0,0,51.53488,7.68901,Amsterdam (96); Leerdam (74); Apeldoorn (66)
Siegen,Engelse,1868,1868,0,0,0,0,50.87512,8.02561,Amsterdam (110); Rotterdam (90); Nijmegen (69)
Ulm,Amerikaanse,1845,1845,0,0,0,0,48.3985,9.99125,Rotterdam (146); Amsterdam (50); 's-Gravenhage (43)
Fulda,Amerikaanse,1844,1844,0,0,0,0,50.55147,9.67622,Rotterdam (189); Amsterdam (143); Ouddorp (54)
Bottrop,Engelse,1843,1843,0,0,0,0,51.52158,6.9292,Amsterdam (196); Rotterdam (74); 's-Gravenhage (69)
Berchtesgaden,Amerikaanse,1819,1819,0,0,0,0,47.63302,13.00201,Rotterdam (264); 's-Gravenhage (179); Amsterdam (155)
Tuttlingen,Franse,1809,1809,0,0,0,0,47.98443,8.81866,Rotterdam (148); 's-Gravenhage (93); Amsterdam (66)
Herne,Engelse,1747,1747,0,0,0,0,51.53804,7.21999,Rotterdam (46); Deventer (39); Hoogeveen (32)
Bremervürde,Engelse,1738,1738,0,0,0,0,53.48502,9.13621,Amsterdam (282); 's-Gravenhage (181); Rotterdam (128)
Landsberg,Amerikaanse,1729,1729,0,0,0,0,48.04975,10.87687,Rotterdam (289); Amsterdam (95); 's-Gravenhage (33)
Leipzig,Russische,1720,1720,0,0,0,0,51.34063,12.37473,Amsterdam (140); Rotterdam (72); 's-Gravenhage (56)
Fürth,Amerikaanse,1714,1714,0,0,0,0,49.48857,10.95872,Amsterdam (153); Rotterdam (140); Utrecht (51)
Grafschaft Bentheim,Engelse,1707,1707,0,0,0,0,52.46475,7.01026,Oldenzaal (107); Rotterdam (75); Losser (72)
Gladbeck,Engelse,1703,1703,0,0,0,0,51.57187,6.98773,Amsterdam (29); Rotterdam (15); Zwollerkerspel (9)
Potsdam,Russische,1698,1698,0,0,0,0,52.40093,13.05914,Amsterdam (33); Rotterdam (20); 's-Gravenhage (11)
Friesland,Engelse,1673,1673,0,0,0,0,53.46799,8.02219,Rotterdam (88); Groningen (75); Amsterdam (70)
Segeberg,Engelse,1666,1666,0,0,0,0,53.92323,10.16123,Amsterdam (53); Rotterdam (51); 's-Gravenhage (26)
Fritzlar-Homberg,Amerikaanse,1653,1653,0,0,0,0,51.15371,9.26451,Utrecht (200); Amsterdam (117); Rotterdam (77)
Lüneburg,Engelse,1645,1645,0,0,0,0,53.24871,10.40785,Amsterdam (118); Rotterdam (54); Emmen (42)
Reutlingen,Franse,1634,1634,0,0,0,0,48.49195,9.21141,Rotterdam (192); 's-Gravenhage (119); Amsterdam (78)
Bad Kissingen,Amerikaanse,1632,1632,0,0,0,0,50.19749,10.05733,Amsterdam (280); Rotterdam (137); 's-Gravenhage (62)
Ahaus,Engelse,1623,1623,0,0,0,0,52.07615,7.00488,Enschede (71); Epe (65); Losser (51)
Stade,Engelse,1618,1618,0,0,0,0,53.59979,9.47544,Amsterdam (62); Groningen (55); Rotterdam (41)
Chemnitz,Russische,1613,1613,0,0,0,0,50.83235,12.91891,Amsterdam (40); Rotterdam (32); 's-Gravenhage (28)
Gandersheim,Engelse,1594,1594,0,0,0,0,51.87047,10.02978,Rotterdam (139); Vlaardingen (40); Amsterdam (33)
Wolfenbüttel,Engelse,1574,1574,0,0,0,0,52.16253,10.53482,Amsterdam (67); Rotterdam (32); Utrecht (20)
Steinburg,Engelse,1550,1550,0,0,0,0,53.94093,9.51579,Amsterdam (32); Rotterdam (29); Groningen (21)
Eckernfürde,Engelse,1544,1544,0,0,0,0,54.47165,9.83749,Amsterdam (45); Rotterdam (39); 's-Gravenhage (17)
Arnsberg,Engelse,1533,1533,0,0,0,0,51.40024,8.06059,Nijmegen (47); Amsterdam (13); Arnhem (11)
Bocholt,Engelse,1514,1514,0,0,0,0,51.83827,6.61487,Aalten (61); Dinxperlo (34); Doetinchem (31)
Bergstrasse,Amerikaanse,1511,1511,0,0,0,0,51.0318,13.73025,Rotterdam (144); Amsterdam (113); 's-Gravenhage (109)
Halle An Der Saale,Russische,1451,1451,0,0,0,0,51.47847,11.93661,Amsterdam (14); Rotterdam (9); 's-Gravenhage (5)
Ingolstadt,Amerikaanse,1440,1440,0,0,0,0,48.76302,11.42504,Rotterdam (489); Amsterdam (78); 's-Gravenhage (77)
Mindelheim,Amerikaanse,1400,1400,0,0,0,0,48.04642,10.48825,Amsterdam (69); 's-Gravenhage (39); Rotterdam (39)
Würzburg,Amerikaanse,1366,1366,0,0,0,0,49.77804,9.94348,Rotterdam (340); Amsterdam (46); Schiedam (25)
Hagenow,Russische,1321,1321,0,0,0,0,53.43058,11.19048,Amsterdam (20); Groningen (15); Rotterdam (14)
Pinneberg,Engelse,1312,1312,0,0,0,0,53.72789,9.69796,Rotterdam (110); Amsterdam (99); 's-Gravenhage (90)
Rees,Engelse,1287,1287,0,0,0,0,51.75812,6.39566,Haarlem (71); Rotterdam (55); 's-Gravenhage (48)
Tecklenburg,Engelse,1284,1284,0,0,0,0,52.22026,7.81341,Hilversum (123); 's-Gravenhage (67); Rotterdam (50)
Bochum,Engelse,1265,1265,0,0,0,0,51.48181,7.21966,Rotterdam (49); Amsterdam (30); Nijmegen (9)
Rheingau,Amerikaanse,1260,1260,0,0,0,0,50.13394,8.07016,Rotterdam (117); Amsterdam (95); 's-Gravenhage (50)
Geilenkirchen-Heinsberg,Engelse,1258,1258,0,0,0,0,51.01953,6.11612,Echt (18); Kampen (12); Roermond (6)
Neunburg Vorm Wald,Amerikaanse,1258,1258,0,0,0,0,49.34869,12.40945,Amsterdam (18); Rotterdam (8); Spijkenisse (1)
Wanne-Eickel,Engelse,1257,1257,0,0,0,0,51.53057,7.1343,Rotterdam (109); Arnhem (32); Amsterdam (25)
Kulmbach,Amerikaanse,1256,1256,0,0,0,0,50.10712,11.45818,Amsterdam (241); Rotterdam (120); Deventer (96)
Querfurt,Russische,1251,1251,0,0,0,0,51.37871,11.59741,Amsterdam (20); Rotterdam (18); Leiden (11)
Hildesheim-Marienburg,Engelse,1247,1247,0,0,0,0,52.11303,9.97905,Rotterdam (61); Amsterdam (58); 's-Gravenhage (33)
Minden,Engelse,1247,1247,0,0,0,0,52.2881,8.91689,Rotterdam (70); Amsterdam (58); Enschede (26)
Koblenz,Franse,1245,1245,0,0,0,0,50.35333,7.5944,Rotterdam (77); Dordrecht (72); Arnhem (69)
Sonthofen,Amerikaanse,1243,1243,0,0,0,0,47.50561,10.29941,Amsterdam (237); Rotterdam (159); 's-Gravenhage (91)
Viersen,Engelse,1231,1231,0,0,0,0,51.25621,6.39055,Beegden (7); Brunssum (6); Venlo (5)
Limburg,Amerikaanse,1217,1217,0,0,0,0,50.38804,8.06353,Rotterdam (179); Amsterdam (60); 's-Gravenhage (47)
Soest,Engelse,1214,1214,0,0,0,0,51.57255,8.10613,Rotterdam (173); Amsterdam (36); Soest (34)
Hechingen,Franse,1207,1207,0,0,0,0,48.35255,8.9642,Maastricht (62); Enschede (60); Rotterdam (49)
Remscheid,Engelse,1207,1207,0,0,0,0,51.17987,7.19435,Rotterdam (108); Roermond (90); Amsterdam (33)
Heidelberg,Amerikaanse,1206,874,332,0,0,0,49.40936,8.69472,Rotterdam (98); 's-Gravenhage (61); Amsterdam (44)
Bergheim,Engelse,1205,877,328,0,0,0,50.95405,6.641,Rotterdam (37); Amsterdam (12); Wervershoof (12)
Rudolstadt,Russische,1199,1199,0,0,0,0,50.72061,11.3402,Amsterdam (19); Leiden (11); Rotterdam (11)
Melsungen,Amerikaanse,1193,1193,0,0,0,0,51.14259,9.58332,Rotterdam (195); Amsterdam (108); Tilburg (44)
Lünen,Engelse,1176,1176,0,0,0,0,51.61425,7.52281,Amsterdam (120); Rotterdam (114); 's-Gravenhage (24)
Aschaffenburg,Amerikaanse,1175,1175,0,0,0,0,49.97067,9.13849,Rotterdam (257); Amsterdam (46); Maastricht (46)
Waren,Russische,1171,1171,0,0,0,0,53.51562,12.68506,Amsterdam (15); Leiden (12); Rotterdam (12)
Passau,Amerikaanse,1161,1161,0,0,0,0,48.57482,13.46097,Rotterdam (265); Amsterdam (117); Utrecht (83)
Freiburg Im Breisgau,Franse,1157,1157,0,0,0,0,47.99609,7.8494,'s-Gravenhage (38); Rotterdam (33); Amsterdam (32)
Aschendorf-Hummeling,Engelse,1156,1156,0,0,0,0,53.05234,7.33715,Groningen (16); Rotterdam (8); Amsterdam (7)
Neustrelitz,Russische,1154,1154,0,0,0,0,53.36172,13.063,Amsterdam (11); Groningen (8); Leiden (8)
Balingen,Franse,1153,1153,0,0,0,0,48.27375,8.85579,Enschede (100); Losser (66); Rijssen (63)
Wittlich,Franse,1152,1152,0,0,0,0,49.98504,6.88844,Dordrecht (90); Gorinchem (62); 's-Gravenhage (31)
Crimmitschau,Russische,1151,1151,0,0,0,0,50.81624,12.38672,Amsterdam (14); Leiden (11); Rotterdam (8)
Glauchau,Russische,1149,1149,0,0,0,0,50.8199,12.53979,Amsterdam (16); Leiden (10); Groningen (8)
Coburg,Amerikaanse,1141,1141,0,0,0,0,50.25822,10.96456,Amsterdam (176); Rotterdam (134); Delft (27)
Trier,Franse,1129,1129,0,0,0,0,49.75962,6.64419,Tilburg (83); Amsterdam (80); Haarlem (44)
Frankenthal,Franse,1106,1106,0,0,0,0,49.53535,8.35414,Rotterdam (135); Amsterdam (131); 's-Gravenhage (57)
Rastatt,Franse,1101,1101,0,0,0,0,48.85846,8.20405,'s-Gravenhage (158); Rotterdam (89); Amsterdam (63)
Miesbach,Amerikaanse,1097,1097,0,0,0,0,47.79002,11.83354,Rotterdam (103); Amsterdam (89); 's-Gravenhage (65)
Witten,Engelse,1095,1095,0,0,0,0,51.43702,7.33512,Rotterdam (129); Nijmegen (82); Deventer (55)
Neuwied,Franse,1092,1092,0,0,0,0,50.43024,7.4663,Maastricht (81); Amsterdam (61); Rotterdam (29)
Villingen,Franse,1083,1083,0,0,0,0,48.05966,8.4599,Amsterdam (110); 's-Gravenhage (105); Rotterdam (55)
Starnberg,Amerikaanse,1078,1078,0,0,0,0,47.99869,11.34108,Rotterdam (172); Amsterdam (86); 's-Gravenhage (60)
Landshut,Amerikaanse,1063,1063,0,0,0,0,48.53622,12.15166,Amsterdam (122); 's-Gravenhage (83); Rotterdam (49)
Soltau,Engelse,1047,1047,0,0,0,0,52.98443,9.8399,Amsterdam (49); Poortugaal (36); Rotterdam (33)
Ludwigsburg,Amerikaanse,1025,1025,0,0,0,0,48.89539,9.18951,Rotterdam (118); Amsterdam (60); 's-Gravenhage (47)
Bayreuth,Amerikaanse,1022,1022,0,0,0,0,49.94463,11.57435,Amsterdam (96); Rotterdam (78); 's-Gravenhage (35)
Lingen,Engelse,995,995,0,0,0,0,52.52247,7.31658,Linden (23); Rotterdam (21); Denekamp (12)
Traunstein,Amerikaanse,993,993,0,0,0,0,47.86953,12.64846,Rotterdam (114); 's-Gravenhage (64); Amsterdam (56)
Erkelenz,Engelse,986,562,424,0,0,0,51.08099,6.31607,Roermond (56); Posterholt (23); Vlodrop (20)
Meppen,Engelse,970,970,0,0,0,0,52.69475,7.29098,Emmen (33); Rotterdam (14); Vlagtwedde (8)
Wuppertal,Engelse,968,968,0,0,0,0,51.26402,7.17804,Amsterdam (46); Utrecht (37); Rotterdam (32)
Osterholz,Engelse,962,962,0,0,0,0,53.26045,8.74351,Groningen (97); Amsterdam (70); Rotterdam (68)
Helmstedt,Engelse,950,950,0,0,0,0,52.2277,11.01047,Amsterdam (113); Rotterdam (66); 's-Gravenhage (35)
Weiden,Amerikaanse,938,938,0,0,0,0,49.80683,7.3007,Vlaardingen (162); Rotterdam (86); 's-Gravenhage (60)
Göttingen,Engelse,937,937,0,0,0,0,51.53283,9.93518,Rotterdam (207); Amsterdam (51); 's-Gravenhage (34)
Dieburg,Amerikaanse,936,936,0,0,0,0,49.89818,8.83962,Haarlem (58); Amsterdam (55); Velsen (48)
Ansbach,Amerikaanse,926,926,0,0,0,0,49.28887,10.55977,Rotterdam (107); 's-Gravenhage (88); Amsterdam (59)
Leer,Engelse,923,923,0,0,0,0,53.20495,7.45953,Rotterdam (70); Bunde (27); Amsterdam (23)
Lichtenfels,Amerikaanse,921,921,0,0,0,0,50.13153,11.08393,Rotterdam (198); Amsterdam (82); Schiedam (12)
Straubing,Amerikaanse,920,920,0,0,0,0,48.88392,12.59558,Utrecht (24); Amsterdam (23); Rotterdam (22)
Geldern,Engelse,916,916,0,0,0,0,51.51697,6.32282,Venlo (27); Renkum (17); Wehl (12)
Burgdorf,Engelse,912,912,0,0,0,0,52.4438,10.00784,Rotterdam (114); Amsterdam (47); 's-Gravenhage (38)
Tübingen,Franse,909,909,0,0,0,0,48.52033,9.0536,Rotterdam (134); 's-Gravenhage (109); Amsterdam (51)
Eberswalde,Russische,907,907,0,0,0,0,52.83508,13.79965,Rotterdam (68); 's-Gravenhage (63); Gouda (51)
Esslingen,Amerikaanse,906,906,0,0,0,0,48.74276,9.30717,Rotterdam (198); Amsterdam (81); 's-Gravenhage (57)
Sigmaringen,Franse,904,904,0,0,0,0,48.08691,9.2165,Amsterdam (146); 's-Gravenhage (120); Rotterdam (43)
Waldshut,Franse,898,898,0,0,0,0,47.62462,8.21206,'s-Gravenhage (37); Amsterdam (23); Wateringen (9)
Lippstadt,Engelse,894,894,0,0,0,0,51.67471,8.34719,Rotterdam (67); Nieuwleusen (10); 's-Gravenhage (9)
Hameln,Engelse,883,883,0,0,0,0,52.10399,9.35616,Amsterdam (42); Rotterdam (26); Utrecht (12)
Rotenburg-Hannover,Engelse,881,881,0,0,0,0,53.0935,9.4175,Amsterdam (64); Rotterdam (58); 's-Gravenhage (42)
Laufen,Amerikaanse,877,877,0,0,0,0,47.93541,12.93031,Rotterdam (151); 's-Gravenhage (51); Dordrecht (26)
Emden,Engelse,868,868,0,0,0,0,53.36705,7.20583,Rotterdam (133); Groningen (63); Amsterdam (33)
Wangen,Franse,863,863,0,0,0,0,48.72598,9.60971,Rotterdam (11); 's-Gravenhage (11); Zundert (10)
Mosbach,Amerikaanse,857,857,0,0,0,0,49.35211,9.14602,Rotterdam (131); Amsterdam (47); 's-Gravenhage (29)
Hofgeismar,Amerikaanse,856,856,0,0,0,0,51.49722,9.42807,Rotterdam (26); Amsterdam (19); Utrecht (6)
Herford,Engelse,855,855,0,0,0,0,52.11522,8.67111,Rotterdam (89); Amsterdam (52); Hilversum (40)
Südtondern,Engelse,855,855,0,0,0,0,54.79665,8.88509,Putten (270); Yerseke (186); Nijkerk (29)
Grafschaft Schaumburg,Engelse,855,855,0,0,0,0,52.18738,9.08046,Rotterdam (64); Amsterdam (37); 's-Gravenhage (14)
Untertaunus,Amerikaanse,842,842,0,0,0,0,50.47168,8.24446,Amsterdam (115); 's-Gravenhage (57); Rotterdam (37)
Memmingen,Amerikaanse,834,834,0,0,0,0,47.98162,10.16873,Rotterdam (100); Amsterdam (95); 's-Gravenhage (66)
Höxter,Engelse,825,825,0,0,0,0,51.79389,9.34886,Rotterdam (79); Amsterdam (31); 's-Gravenhage (12)
Eschwege,Amerikaanse,823,823,0,0,0,0,51.17335,10.06806,Rotterdam (120); Amsterdam (54); 's-Gravenhage (18)
Schwabmünchen,Amerikaanse,821,821,0,0,0,0,48.18056,10.75781,Rotterdam (341); Amsterdam (57); 's-Gravenhage (48)
Rotenburg An Der Fulda,Amerikaanse,811,811,0,0,0,0,51.01812,9.74876,Rotterdam (43); 's-Gravenhage (29); Utrecht (28)
Neu-Ulm,Amerikaanse,810,810,0,0,0,0,48.39535,10.00052,Rotterdam (156); 's-Gravenhage (92); Amsterdam (64)
Deggendorf,Amerikaanse,805,805,0,0,0,0,48.78141,13.00064,Amsterdam (81); Rotterdam (75); Maastricht (22)
Plauen,Russische,805,805,0,0,0,0,50.49506,12.13465,Rotterdam (155); Amsterdam (67); 's-Gravenhage (30)
Zwickau,Russische,802,751,51,0,0,0,50.7185,12.49393,Rotterdam (44); Son en Breugel (31); Amsterdam (28)
Wittgenstein,Engelse,801,801,0,0,0,0,50.92871,10.39859,Utrecht (61); Rotterdam (40); Geldermalsen (36)
Lüdenscheid,Engelse,787,787,0,0,0,0,51.21814,7.6397,Amsterdam (41); Rotterdam (38); 's-Gravenhage (20)
Dinkelsbuhl,Amerikaanse,774,774,0,0,0,0,49.06917,10.3194,Amsterdam (102); Schiedam (38); Wilsum (29)
Calw,Franse,774,774,0,0,0,0,48.71427,8.73976,'s-Gravenhage (36); Rotterdam (35); Amsterdam (30)
Sankt Goarshausen En Sankt Goar,Franse,767,767,0,0,0,0,50.15488,7.7161,Rotterdam (59); Amsterdam (53); Utrecht (18)
Biedenkopf,Amerikaanse,759,759,0,0,0,0,50.91958,8.53771,Rotterdam (112); Amsterdam (41); Noordwijk (32)
Altenkirchen,Franse,746,746,0,0,0,0,50.68801,7.64774,Amsterdam (51); Haarlem (41); Utrecht (23)
Grevenbroich-Neuss,Engelse,736,736,0,0,0,0,51.10523,6.60525,Amsterdam (34); Maastricht (31); Rotterdam (21)
Obernburg,Amerikaanse,726,726,0,0,0,0,51.23154,8.90521,Rotterdam (90); Amsterdam (51); Raamsdonk (35)
Grafschaft Hoya,Engelse,723,723,0,0,0,0,52.81412,9.12135,Amsterdam (29); Rotterdam (24); Utrecht (14)
Dresden,Russische,721,721,0,0,0,0,51.04933,13.73814,Rotterdam (39); Amsterdam (26); 's-Gravenhage (23)
Günzburg,Amerikaanse,709,709,0,0,0,0,48.46898,10.27453,Amsterdam (74); Rotterdam (53); 's-Gravenhage (49)
Gifhorn,Engelse,707,707,0,0,0,0,52.57814,10.66128,Amsterdam (64); Rotterdam (17); Utrecht (15)
Heilbronn,Amerikaanse,700,700,0,0,0,0,49.14229,9.21866,Rotterdam (103); 's-Gravenhage (61); Amsterdam (54)
Erfurt,Russische,696,696,0,0,0,0,50.9778,11.02874,'s-Gravenhage (34); Amsterdam (33); Haarlem (18)
Herschbrück,Amerikaanse,696,696,0,0,0,0,49.50858,11.42851,Tilburg (200); Amsterdam (73); Rotterdam (71)
Gelnhausen,Amerikaanse,671,671,0,0,0,0,50.2024,9.18739,Rotterdam (21); 's-Gravenhage (16); Amsterdam (13)
Pforzheim,Amerikaanse,645,645,0,0,0,0,48.89093,8.70255,Rotterdam (85); Amsterdam (51); 's-Gravenhage (38)
Ammerland,Engelse,631,631,0,0,0,0,53.20715,8.00576,Rotterdam (189); Emmen (26); Amsterdam (17)
Neustadt An Der Weinstrasse,Franse,628,628,0,0,0,0,49.35361,8.13602,Amsterdam (58); Utrecht (35); 's-Gravenhage (20)
Osterode,Engelse,628,628,0,0,0,0,51.72784,10.25082,Amsterdam (17); Rotterdam (13); Sevenum (11)
Rhein-Wupper,Engelse,622,622,0,0,0,0,51.06391,6.99403,Rotterdam (29); 's-Gravenhage (13); Delft (8)
Schongau,Amerikaanse,613,613,0,0,0,0,47.8119,10.89721,Zutphen (119); Rotterdam (61); Amsterdam (49)
Ebersberg,Amerikaanse,610,610,0,0,0,0,48.07828,11.96944,Rotterdam (139); Amsterdam (36); Utrecht (34)
Unterwesterwald,Franse,598,598,0,0,0,0,50.40613,7.69802,Amsterdam (52); Rotterdam (44); 's-Gravenhage (25)
Beckum,Engelse,591,591,0,0,0,0,51.75551,8.04114,Rotterdam (18); Amsterdam (9); Utrecht (9)
Warendorf,Engelse,585,585,0,0,0,0,51.95324,7.99123,Amsterdam (23); Rotterdam (19); Harlingen (13)
Kaufbeuren,Amerikaanse,584,584,0,0,0,0,47.88038,10.62225,Rotterdam (155); Amsterdam (63); 's-Gravenhage (44)
Cloppenburg,Engelse,576,576,0,0,0,0,52.84613,8.04388,Amsterdam (6); Rotterdam (5); Noordwijkerhout (3)
Wolfach,Franse,575,575,0,0,0,0,48.29858,8.22261,'s-Gravenhage (49); Rotterdam (48); Amsterdam (30)
Peine,Engelse,570,570,0,0,0,0,52.3119,10.25214,Rotterdam (16); Amsterdam (9); Leeuwarden (6)
Wolfratshausen,Amerikaanse,566,566,0,0,0,0,47.91046,11.42664,Rotterdam (104); Amsterdam (29); Arnhem (26)
Schleiden,Engelse,564,564,0,0,0,0,50.52859,6.47616,Rotterdam (163); Schoondijke (7); Wittem (6)
Aichach,Amerikaanse,561,561,0,0,0,0,48.45915,11.131,Rotterdam (110); 's-Gravenhage (96); Overschie (16)
Göppingen,Amerikaanse,554,554,0,0,0,0,48.70314,9.65411,Rotterdam (92); 's-Gravenhage (31); Maastricht (28)
Kusel,Franse,551,551,0,0,0,0,49.53998,7.40085,Halsteren (81); Amsterdam (63); Maastricht (43)
Donaueschingen,Franse,549,549,0,0,0,0,47.95342,8.49593,'s-Gravenhage (59); Amsterdam (39); Rotterdam (29)
Brückenau,Amerikaanse,547,547,0,0,0,0,50.30704,9.77704,'s-Gravenhage (63); Utrecht (35); Vaals (32)
Olpe,Engelse,545,545,0,0,0,0,51.02948,7.84353,'s-Gravenhage (29); Utrecht (25); Ubbergen (18)
Tölz,Amerikaanse,545,545,0,0,0,0,47.761,11.55961,Amsterdam (74); Rotterdam (45); 's-Gravenhage (39)
Wolfhagen,Amerikaanse,542,542,0,0,0,0,51.33334,9.19689,Amsterdam (60); Rotterdam (45); 's-Gravenhage (13)
Arnstadt,Russische,541,541,0,0,0,0,50.80133,10.95563,Rotterdam (78); Amsterdam (77); 's-Gravenhage (39)
Büdingen,Amerikaanse,538,538,0,0,0,0,50.29724,9.09908,'s-Gravenhage (40); Rotterdam (30); Amsterdam (21)
Amberg,Amerikaanse,535,535,0,0,0,0,49.45437,11.8474,Echt (33); Amsterdam (26); Groningen (26)
Wurtemberg-Baden,Amerikaanse,534,534,0,0,0,0,48.75469,7.97125,Rotterdam (97); 's-Gravenhage (43); Amsterdam (35)
Kitzingen,Amerikaanse,523,523,0,0,0,0,49.74739,10.15383,Rotterdam (255); 's-Gravenhage (21); Amsterdam (14)
Schwabach,Amerikaanse,511,511,0,0,0,0,49.33469,11.02941,'s-Gravenhage (43); Amsterdam (26); Heerlen (19)
Wunsiedel,Amerikaanse,511,511,0,0,0,0,50.03732,12.00273,Amsterdam (57); Rotterdam (55); Weert (22)
Julich,Engelse,505,505,0,0,0,0,50.92209,6.3611,Maastricht (19); Utrecht (17); Amsterdam (10)
Goslar,Engelse,502,502,0,0,0,0,51.90599,10.42663,Amsterdam (45); Rotterdam (23); Katwijk (18)
Kaiserslautern,Franse,488,488,0,0,0,0,49.44322,7.769,Amsterdam (97); 's-Gravenhage (32); Rotterdam (28)
Zerbst,Russische,479,479,0,0,0,0,51.96974,12.07455,Amsterdam (21); Utrecht (12); Zwolle (10)
Norden,Engelse,479,479,0,0,0,0,53.5942,7.20674,Rotterdam (38); Oude Pekela (25); Groningen (19)
Offenburg,Franse,474,474,0,0,0,0,48.4696,7.94292,'s-Gravenhage (17); Rotterdam (10); Amsterdam (8)
Wattenscheid,Engelse,464,464,0,0,0,0,51.48171,7.13566,Amsterdam (16); Veenendaal (9); Rotterdam (9)
Alsfeld,Amerikaanse,463,463,0,0,0,0,50.76522,9.30144,Rotterdam (35); Utrecht (19); 's-Gravenhage (16)
Mayen,Franse,459,459,0,0,0,0,50.32835,7.22151,Rotterdam (31); Amsterdam (27); Heerlen (14)
Donauwörth,Amerikaanse,459,459,0,0,0,0,48.71804,10.78073,Amsterdam (89); Rotterdam (72); 's-Gravenhage (14)
Mülheim,Franse,454,454,0,0,0,0,51.42729,6.88292,'s-Gravenhage (23); Amsterdam (16); Enschede (10)
Ahrweiler,Franse,450,450,0,0,0,0,50.43653,7.00502,Amsterdam (13); Rotterdam (11); 's-Gravenhage (11)
Wesermarsch,Engelse,445,445,0,0,0,0,53.35731,8.34548,Rotterdam (32); Amsterdam (16); Budel (13)
Kelheim,Amerikaanse,444,444,0,0,0,0,48.91849,11.87228,Rotterdam (73); Beuningen (41); Amsterdam (35)
Cuxhaven,Engelse,441,441,0,0,0,0,53.86878,8.69829,Rotterdam (25); Amsterdam (11); Katwijk (7)
Böblingen,Amerikaanse,441,441,0,0,0,0,48.68497,9.01134,Rotterdam (105); 's-Gravenhage (42); Oudewater (23)
Merseburg,Russische,437,437,0,0,0,0,51.35644,11.99615,Rotterdam (17); Amsterdam (14); Groningen (3)
Oberlahn,Amerikaanse,433,433,0,0,0,0,50.48207,8.2715,Amsterdam (27); 's-Hertogenbosch (17); Rotterdam (16)
Lüdinghausen,Engelse,430,430,0,0,0,0,51.77178,7.44464,Rotterdam (21); Amsterdam (18); Arnhem (8)
Biberach,Franse,429,429,0,0,0,0,48.09844,9.78999,Rotterdam (33); 's-Gravenhage (21); Bodegraven (12)
Weimar,Russische,427,427,0,0,0,0,50.97933,11.32979,Rotterdam (52); 's-Gravenhage (35); Amsterdam (19)
Karlstadt,Amerikaanse,426,426,0,0,0,0,49.96982,9.74414,Rotterdam (75); Jisp (23); Haarlem (22)
Ziegenhain,Amerikaanse,425,425,0,0,0,0,50.67702,7.52568,Rotterdam (31); Amsterdam (22); Schiedam (13)
Grafschaft Diepholz,Engelse,425,425,0,0,0,0,52.60168,8.36954,Haarlem (20); Amsterdam (20); Eindhoven (9)
Harburg,Engelse,423,423,0,0,0,0,53.45622,9.98721,Amsterdam (15); Odoorn (4); Eindhoven (4)
Jena,Russische,422,422,0,0,0,0,50.92817,11.58794,Rotterdam (34); Amsterdam (28); Groningen (16)
Weissenburg,Amerikaanse,415,415,0,0,0,0,49.03057,10.9719,Rotterdam (67); Amsterdam (47); Breda (12)
Cochem,Franse,410,410,0,0,0,0,50.14839,7.16632,Oss (67); Utrecht (32); Heesch (17)
Illertissen,Amerikaanse,410,410,0,0,0,0,48.22292,10.10534,Amsterdam (84); Rotterdam (38); Sliedrecht (22)
Stockach,Franse,401,401,0,0,0,0,47.85309,9.01345,Beilen (23); Sliedrecht (15); Maastricht (15)
Freising,Amerikaanse,397,397,0,0,0,0,48.40083,11.74396,Amsterdam (23); Rotterdam (20); 's-Gravenhage (18)
Erbach,Amerikaanse,385,385,0,0,0,0,48.32746,9.89138,Amsterdam (41); 's-Gravenhage (25); Groningen (18)
Bernburg,Russische,385,385,0,0,0,0,51.79397,11.73739,Amsterdam (43); Rotterdam (40); 's-Gravenhage (26)
Coesfeld,Engelse,377,377,0,0,0,0,51.94589,7.16911,Rotterdam (10); Utrecht (5); Amsterdam (5)
Uelzen,Engelse,376,376,0,0,0,0,52.98407,10.53859,Rotterdam (48); Amsterdam (35); 's-Gravenhage (14)
Miltenberg,Amerikaanse,374,374,0,0,0,0,49.69032,9.24622,Amsterdam (40); Rotterdam (30); Vreeswijk (18)
Zauch-Belzig,Russische,374,374,0,0,0,0,52.14056,12.58659,Amsterdam (67); Haarlem (58); Rotterdam (47)
Horb,Franse,370,370,0,0,0,0,50.37388,7.8513,'s-Gravenhage (5); Rotterdam (4); Baarn (2)
Stendal,Russische,369,369,0,0,0,0,52.60508,11.85943,Amsterdam (35); Rotterdam (34); 's-Gravenhage (17)
Kreuznach,Franse,364,364,0,0,0,0,49.84316,7.86577,Amsterdam (19); Tilburg (17); Rotterdam (12)
Euskirchen,Engelse,363,363,0,0,0,0,50.66126,6.78712,Wijchen (6); Kloetinge (5); Rotterdam (4)
Oberwesterwald,Franse,363,363,0,0,0,0,50.50633,7.92716,Amsterdam (34); Rotterdam (21); 's-Gravenhage (15)
Burken,Engelse,358,358,0,0,0,0,50.37453,10.96756,Rotterdam (29); Winterswijk (28); Aalten (9)
Pirmasens,Franse,357,357,0,0,0,0,49.1997,7.60878,Rotterdam (47); Delft (41); Amsterdam (39)
Niederbarnim,Russische,357,357,0,0,0,0,52.51509,13.46012,Amsterdam (43); Rotterdam (24); 's-Gravenhage (17)
Salgau,Franse,351,351,0,0,0,0,48.01581,9.50103,Rotterdam (30); Amsterdam (21); Maastricht (16)
Verden,Engelse,349,349,0,0,0,0,52.97597,9.18084,Amsterdam (15); 's-Gravenhage (11); Leiden (11)
Worms,Franse,348,348,0,0,0,0,49.63026,8.36209,Amsterdam (35); 's-Gravenhage (15); Rotterdam (12)
Bingen,Franse,342,342,0,0,0,0,49.96755,7.8944,Rotterdam (22); Nijmegen (15); Haarlemmermeer (13)
Füssen,Amerikaanse,337,337,0,0,0,0,47.5676,10.69932,Amsterdam (35); Rotterdam (25); 's-Gravenhage (21)
Bad Aibling,Amerikaanse,329,329,0,0,0,0,47.86405,12.00977,Rotterdam (64); Amsterdam (30); 's-Gravenhage (17)
Aurich,Engelse,328,328,0,0,0,0,53.50946,7.35834,Groningen (23); Winschoten (11); Amsterdam (9)
Lauterbach,Amerikaanse,326,326,0,0,0,0,50.64542,9.36753,Amsterdam (20); Rockanje (13); Rotterdam (13)
Rheydt,Engelse,325,325,0,0,0,0,51.16753,6.44584,Nieuwenhagen (14); Tilburg (7); Heerlen (6)
Bruchsal,Amerikaanse,325,325,0,0,0,0,49.12412,8.59802,'s-Gravenhage (33); Amsterdam (26); Leeuwarden (17)
Bersenbrock,Engelse,322,322,0,0,0,0,52.55533,7.94718,Hilversum (18); Rotterdam (6); 's-Gravenhage (4)
Husum,Engelse,318,318,0,0,0,0,54.48541,9.05379,'s-Gravenhage (26); Amsterdam (22); Rotterdam (22)
Erding,Amerikaanse,315,315,0,0,0,0,48.30644,11.90766,Rotterdam (42); Sliedrecht (18); 's-Gravenhage (12)
Mühldorf,Amerikaanse,314,314,0,0,0,0,48.2405,12.5251,Rotterdam (54); Maastricht (16); 's-Gravenhage (13)
Schlüchtern,Amerikaanse,314,314,0,0,0,0,50.3517,9.5613,Amsterdam (34); Vlaardingen (17); Rotterdam (15)
Halberstadt,Russische,311,311,0,0,0,0,51.89535,11.05206,Rotterdam (74); Amsterdam (20); Enschede (5)
Tirschenreuth,Amerikaanse,309,309,0,0,0,0,49.88886,12.32937,'s-Gravenhage (67); Amsterdam (43); Vlaardingen (28)
Naila,Amerikaanse,308,308,0,0,0,0,50.32832,11.69697,Amsterdam (100); 's-Gravenhage (17); Westkapelle (9)
Zweibrucken,Franse,305,305,0,0,0,0,49.24865,7.3642,'s-Gravenhage (23); Amsterdam (20); Utrecht (20)
Rehau,Amerikaanse,304,304,0,0,0,0,50.24576,12.04173,Amsterdam (38); Rotterdam (25); Maastricht (19)
Vilsburg,Amerikaanse,304,304,0,0,0,0,48.44848,12.3558,Amsterdam (50); Oude Pekela (9); Hoek (8)
Unterlahn,Franse,302,302,0,0,0,0,,,Rotterdam (30); Amsterdam (23); Schimmert (12)
Forchheim,Amerikaanse,301,301,0,0,0,0,49.7123,11.06643,'s-Gravenhage (25); Arnhem (18); Leiden (14)
Lindau,Franse,301,301,0,0,0,0,47.57287,9.69619,Rotterdam (17); Leiden (9); Amsterdam (8)
Schwäbisch Gmund,Amerikaanse,298,298,0,0,0,0,48.7999,9.79776,Rotterdam (40); 's-Gravenhage (29); Utrecht (16)
Teltow,Russische,296,296,0,0,0,0,52.38056,13.26853,Rotterdam (42); Amsterdam (23); Schiedam (11)
Frankenberg,Amerikaanse,295,295,0,0,0,0,50.91104,13.0331,Amsterdam (42); Rotterdam (9); Enschede (8)
Naumburg An Der Saale,Russische,290,290,0,0,0,0,51.15256,11.80992,Rotterdam (7); Beverwijk (5); Amsterdam (4)
Nördlingen,Amerikaanse,288,288,0,0,0,0,48.85166,10.48859,Rotterdam (41); Amsterdam (36); 's-Gravenhage (25)
Auerbach,Russische,288,288,0,0,0,0,50.49245,12.42667,Rotterdam (43); Dordrecht (29); 's-Gravenhage (22)
Aalen,Amerikaanse,281,281,0,0,0,0,48.83756,10.09296,Rotterdam (27); Tilburg (15); Aalten (13)
Freudenstadt,Franse,280,280,0,0,0,0,48.46377,8.41117,Rotterdam (26); Amsterdam (22); Zwolle (14)
Düren,Engelse,279,279,0,0,0,0,50.80317,6.48208,Leerdam (4); Delft (3); Klimmen (3)
Münden,Engelse,275,275,0,0,0,0,51.41619,9.65501,Amsterdam (22); Rotterdam (20); Vught (7)
Wittenberg,Russische,271,271,0,0,0,0,51.86665,12.64676,Amsterdam (17); Rotterdam (8); 's-Gravenhage (7)
Schwarzenberg,Russische,268,268,0,0,0,0,51.14743,9.5631,Amsterdam (21); Rotterdam (20); 's-Gravenhage (14)
Schwerin,Russische,265,265,0,0,0,0,53.62883,11.4148,Amsterdam (20); Rotterdam (16); 's-Gravenhage (4)
Ehingen,Franse,265,265,0,0,0,0,48.28285,9.72622,Rotterdam (44); 's-Gravenhage (12); Amsterdam (7)
Wanzleben,Russische,262,262,0,0,0,0,52.05929,11.4432,'s-Gravenhage (23); Amsterdam (22); Deventer (10)
Neuburg An Der Donau,Amerikaanse,260,260,0,0,0,0,48.74563,11.18796,'s-Gravenhage (34); Rotterdam (14); Vlagtwedde (12)
Alzey,Franse,255,255,0,0,0,0,49.74546,8.113,'s-Gravenhage (35); Pijnacker (24); Huizen (15)
Sinsheim,Amerikaanse,255,255,0,0,0,0,49.23446,8.89895,Krommenie (31); Hoogezand (21); Maastricht (7)
Borna,Russische,252,252,0,0,0,0,51.12222,12.50625,Amsterdam (30); Bedum (15); Rotterdam (13)
Ebern,Amerikaanse,251,251,0,0,0,0,50.09462,10.79347,Schelluinen (27); Dordrecht (20); Gorinchem (18)
Lauf,Amerikaanse,250,250,0,0,0,0,48.64858,8.12922,Groningen (22); Rotterdam (20); Amsterdam (15)
Leonburg,Amerikaanse,248,248,0,0,0,0,48.09708,11.56172,Rotterdam (33); Oosthuizen (10); Amsterdam (10)
Rostock,Russische,247,247,0,0,0,0,54.08867,12.14002,Amsterdam (12); Rotterdam (7); 's-Gravenhage (3)
Oschersleben,Russische,247,247,0,0,0,0,52.02665,11.22778,Tilburg (12); Maastricht (11); Amsterdam (11)
Paderborn,Engelse,246,246,0,0,0,0,51.7177,8.75265,Rotterdam (25); Amsterdam (19); Delft (17)
Springe,Engelse,246,246,0,0,0,0,52.20993,9.55816,Amsterdam (22); Rotterdam (9); Tilburg (6)
Landau In Der Pfalz,Franse,242,242,0,0,0,0,49.19828,8.11234,Amsterdam (24); Utrecht (14); 's-Gravenhage (12)
Waiblingen,Amerikaanse,242,242,0,0,0,0,48.83257,9.31638,Rotterdam (52); Deventer (16); Amsterdam (11)
Schleswig,Engelse,241,241,0,0,0,0,54.51851,9.56533,Amsterdam (30); Rotterdam (19); Utrecht (11)
Bernkastel,Franse,234,234,0,0,0,0,49.91555,7.07578,Amsterdam (24); Leeuwarden (15); Tilburg (12)
Wittmund,Engelse,234,234,0,0,0,0,53.53667,7.74608,Amsterdam (52); Groningen (21); 's-Gravenhage (6)
Überlingen,Franse,234,234,0,0,0,0,47.76645,9.16051,Rotterdam (13); Dordrecht (8); Eindhoven (7)
Haldensleben,Russische,230,230,0,0,0,0,52.29112,11.41327,Amsterdam (15); Rotterdam (14); 's-Gravenhage (12)
Saalfeld,Russische,230,230,0,0,0,0,50.64791,11.361,'s-Gravenhage (13); Utrecht (11); Amsterdam (9)
Gunzenhausen,Amerikaanse,227,227,0,0,0,0,49.11614,10.74069,Rotterdam (25); Ammerzoden (15); Schiedam (12)
Quedlinburg,Russische,222,222,0,0,0,0,51.78554,11.15199,Amsterdam (16); Rotterdam (15); Voorst (6)
Neustadt An Der Saale,Engelse,221,221,0,0,0,0,50.32165,10.21381,Tilburg (15); Amsterdam (11); Wildervank (6)
Lohr,Amerikaanse,220,220,0,0,0,0,50.04025,9.51751,Emmen (22); 's-Gravenhage (21); Onstwedde (12)
Lahr,Franse,215,215,0,0,0,0,49.94407,6.29094,'s-Gravenhage (22); Amsterdam (8); Arnhem (4)
Apolda,Russische,213,213,0,0,0,0,51.02279,11.51297,Amsterdam (39); Rotterdam (24); Langerak (7)
Delmenhorst,Engelse,210,210,0,0,0,0,53.0481,8.62861,Gemert (8); Apeldoorn (8); Utrecht (7)
Alzenau In Mainfranken,Amerikaanse,210,210,0,0,0,0,50.08587,9.08137,'s-Gravenhage (23); Rotterdam (23); Amsterdam (7)
Hildburghausen,Russische,209,209,0,0,0,0,50.42662,10.73001,Amsterdam (27); Noordwijk (7); Maastricht (5)
Vechta,Engelse,203,203,0,0,0,0,52.73107,8.28732,Emmen (2); Rotterdam (2); Roermond (1)
Jerichow,Russische,203,203,0,0,0,0,52.49764,12.02575,Amsterdam (20); Rotterdam (20); 's-Gravenhage (11)
Roding,Amerikaanse,202,202,0,0,0,0,49.19642,12.5167,'s-Gravenhage (8); Willemstad (6); Zuilichem (6)
Münchberg,Amerikaanse,201,201,0,0,0,0,50.19427,11.74394,Amsterdam (26); Groningen (22); Haarlem (21)
Northeim,Engelse,200,200,0,0,0,0,51.76485,9.85888,'s-Gravenhage (37); Amsterdam (11); Deventer (7)
Hünfeld,Amerikaanse,197,197,0,0,0,0,50.65546,9.77646,Leeuwarden (18); 's-Gravenhage (16); Rotterdam (15)
Scheinfeld,Amerikaanse,194,194,0,0,0,0,49.66534,10.46257,Rotterdam (123); Hilversum (9); Arnhem (6)
Vilshofen,Amerikaanse,193,193,0,0,0,0,49.29788,11.95297,'s-Gravenhage (16); Monnickendam (15); Amsterdam (13)
Einbeck,Engelse,190,190,0,0,0,0,51.82223,9.89914,Helden (4); Amsterdam (4); Tilburg (3)
Jüterbog-Luckenwalde,Russische,188,188,0,0,0,0,52.05207,13.02543,Rotterdam (8); Amsterdam (7); Groningen (5)
Tauberbischofsheim,Amerikaanse,188,188,0,0,0,0,49.62297,9.66271,Amsterdam (28); 's-Gravenhage (18); Rotterdam (14)
Wasserburg An Der Inn,Amerikaanse,182,182,0,0,0,0,48.06071,12.22936,Rotterdam (18); Haarlem (11); 's-Gravenhage (7)
Bühl,Franse,181,181,0,0,0,0,48.69451,8.13442,Rotterdam (13); Amsterdam (13); 's-Gravenhage (9)
Calbe An Der Saale,Russische,181,181,0,0,0,0,51.90265,11.76549,Utrecht (17); Rotterdam (8); Amsterdam (5)
Hildesheim,Engelse,180,180,0,0,0,0,52.15272,9.95181,Rotterdam (14); Amsterdam (11); Katwijk (10)
St. Ingbert,Franse,180,180,0,0,0,0,49.27884,7.11567,Amsterdam (19); Utrecht (13); 's-Gravenhage (13)
Bitterfeld,Russische,179,179,0,0,0,0,51.62391,12.33015,Amsterdam (10); 's-Gravenhage (5); Hoogeveen (3)
Pfaffenhofen An Der Ilm,Amerikaanse,178,178,0,0,0,0,48.52967,11.5085,Rotterdam (65); Tilburg (26); Overschie (15)
Hammelburg,Amerikaanse,173,173,0,0,0,0,50.10643,9.85811,Rotterdam (40); Haarlem (3)
Meschede,Engelse,165,165,0,0,0,0,51.34365,8.28593,Boskoop (10); Tiel (8); Amsterdam (6)
Mellrichstadt,Amerikaanse,164,164,0,0,0,0,50.44603,10.32923,Utrecht (26); Yerseke (18); Amsterdam (16)
Usingen,Amerikaanse,162,162,0,0,0,0,50.35079,8.52317,Haarlem (20); Amsterdam (13); Rotterdam (11)
Nabburg,Amerikaanse,160,160,0,0,0,0,49.45438,12.18069,Gouda (12); Goes (9); Rotterdam (7)
Sonneberg,Russische,155,155,0,0,0,0,50.35754,11.16917,Amsterdam (31); Arnhem (21); Eindhoven (17)
Burglengenfeld,Amerikaanse,154,154,0,0,0,0,49.23384,11.99133,Rotterdam (17); Amsterdam (17); Hilversum (9)
Germersheim,Franse,154,154,0,0,0,0,49.22227,8.36659,Schoterland (7); 's-Gravenhage (5); Dreumel (4)
Schrobenhausen,Amerikaanse,152,152,0,0,0,0,48.56134,11.26545,Rotterdam (19); 's-Gravenhage (9); Overschie (6)
Dannenberg,Engelse,151,151,0,0,0,0,53.09891,11.09607,Weert (6); Zundert (6); 's-Gravenhage (5)
Schwäbisch Hall,Amerikaanse,150,150,0,0,0,0,49.11243,9.73712,Rotterdam (26); Tegelen (11); Weert (10)
Büren,Engelse,148,148,0,0,0,0,51.55253,8.55919,Rotterdam (6); Groningen (6); Dantumadeel (4)
Ottweiler,Franse,143,143,0,0,0,0,49.40304,7.16315,Amsterdam (13); 's-Gravenhage (9); Leek (7)
Heidenheim,Amerikaanse,141,141,0,0,0,0,48.67676,10.15292,'s-Gravenhage (13); Nisse (12); Wageningen (12)
Altenburg,Russische,137,137,0,0,0,0,50.98524,12.4341,Rotterdam (15); Marum (6); 's-Gravenhage (4)
Detmold,Engelse,135,135,0,0,0,0,51.93628,8.87915,Rotterdam (7); Aduard (3); Sittard (2)
Mallersdorf,Amerikaanse,133,133,0,0,0,0,48.77701,12.25271,Wassenaar (22); Utrecht (10); Zeist (6)
Merzig,Franse,132,132,0,0,0,0,49.4427,6.63749,Gendringen (12); Amsterdam (10); Workum (9)
Aschersleben,Russische,131,131,0,0,0,0,51.75595,11.46213,'s-Gravenhage (8); Rotterdam (4); Leeuwarden (4)
Höchstadt An Der Aisch,Amerikaanse,129,129,0,0,0,0,49.71602,10.81999,Amsterdam (28); Hedel (2); Schagen (2)
Rothenburg Ob Der Tauber,Amerikaanse,128,128,0,0,0,0,49.3658,10.16292,Rotterdam (31); Amsterdam (10); Vlaardingen (3)
Stormarn,Engelse,127,127,0,0,0,0,53.72151,10.35861,Rotterdam (6); 's-Gravenhage (5); Amsterdam (4)
Brilon,Engelse,120,120,0,0,0,0,51.39557,8.56777,Rotterdam (16); Kampen (6); Helmond (5)
Mühlberg An Der Elbe,Russische,115,115,0,0,0,0,51.43234,13.21931,
Salzwedel,Russische,115,115,0,0,0,0,52.85285,11.15397,Rotterdam (12); Amsterdam (5); Eindhoven (3)
Pfarrkirchen,Amerikaanse,113,113,0,0,0,0,48.43857,12.96086,Rotterdam (13); Sliedrecht (10); Hardinxveld (10)
Grafenau,Amerikaanse,113,113,0,0,0,0,48.85624,13.39694,Amsterdam (24); Grave (15); Utrecht (9)
Neustadt An Der Aisch,Amerikaanse,113,113,0,0,0,0,49.58,10.60876,Rotterdam (22); 's-Gravenhage (18); Slochteren (6)
Ruppin,Russische,110,110,0,0,0,0,53.00106,12.70337,Noordwijk (11); Amsterdam (9); Leeuwarden (3)
Zellerfeld,Engelse,109,109,0,0,0,0,51.81599,10.33584,Rotterdam (14); Groningen (5); Berlicum (3)
Mainburg,Amerikaanse,108,108,0,0,0,0,48.64105,11.78643,'s-Gravenhage (13); Rotterdam (12); Borssele (9)
Pegnitz,Amerikaanse,107,107,0,0,0,0,49.75649,11.54094,Rotterdam (7); Avereest (6); Eijgelshoven (6)
Blankenburg,Russische,107,107,0,0,0,0,51.79027,10.9552,Leeuwarden (4); Rotterdam (4); Baarn (4)
Cham,Amerikaanse,106,106,0,0,0,0,49.21782,12.66638,Dordrecht (10); Eindhoven (9); Amsterdam (6)
Lemgo,Engelse,104,104,0,0,0,0,52.02807,8.90129,Amsterdam (3); Borgharen (3); Deventer (2)
Wittlage,Engelse,103,103,0,0,0,0,52.32029,8.36942,Groningen (5); Amsterdam (3); Rotterdam (1)
Stadthagen,Engelse,100,100,0,0,0,0,52.32897,9.20535,Rotterdam (7); Maastricht (4); Aalten (4)
Meiningen,Russische,100,100,0,0,0,0,50.56761,10.4153,'s-Gravenhage (7); Vlaardingen (6); Lonneker (6)
Rätzlingen,Russische,99,99,0,0,0,0,52.97498,10.6738,Rotterdam (94); Vlaardingen (3)
Wertingen,Amerikaanse,99,99,0,0,0,0,48.56196,10.68264,Enschede (10); Utrecht (10); 's-Gravenhage (6)
Lebus,Russische,99,99,0,0,0,0,52.4271,14.53382,Amsterdam (13); Utrecht (5); Venray (5)
Pirna,Russische,98,98,0,0,0,0,50.96028,13.93792,Amsterdam (10); Rotterdam (10); Harlingen (3)
Wernigerode,Russische,98,98,0,0,0,0,51.83442,10.78625,Zwolle (5); Hilversum (4); Zuidhorn (4)
Osthavelland,Russische,97,97,0,0,0,0,52.68856,13.17422,Amsterdam (4); 's-Gravenhage (4); Leiden (3)
Feuchtwangen,Amerikaanse,96,96,0,0,0,0,49.16786,10.33133,Assen (7); Zutphen (5); Amsterdam (5)
Gemünden,Amerikaanse,95,95,0,0,0,0,50.55993,8.01769,Rotterdam (27); Breda (7); Dordrecht (4)
Bautzen,Russische,94,94,0,0,0,0,51.18091,14.4276,Amsterdam (12); 's-Gravenhage (7); Zwolle (5)
Künzelsau,Amerikaanse,93,93,0,0,0,0,49.28038,9.69015,Rotterdam (7); Nijmegen (7); Amsterdam (6)
Saalkreis,Russische,93,93,0,0,0,0,51.48857,12.07835,Amsterdam (8); Beverwijk (5); Leiden (3)
Mergentheim,Amerikaanse,93,93,0,0,0,0,49.49079,9.77317,Schaesberg (14); 's-Gravenhage (7); Nijmegen (5)
Saarburg,Franse,93,93,0,0,0,0,49.60825,6.54875,Vught (18); Rotterdam (13); 's-Hertogenbosch (7)
Backnang,Amerikaanse,93,93,0,0,0,0,48.94685,9.43036,Amsterdam (23); 's-Gravenhage (9); Arnhem (7)
Saarlouis,Franse,91,91,0,0,0,0,49.31647,6.74985,Amsterdam (12); Rotterdam (5); Haelen (3)
Landau,Amerikaanse,90,90,0,0,0,0,49.19828,8.11234,Amsterdam (21); Rotterdam (5); Arcen en Velden (5)
Marktheidenfeld,Amerikaanse,89,89,0,0,0,0,49.8582,9.5667,Rotterdam (9); Rosmalen (6); Leiden (4)
Hofheim In Mainfranken,Amerikaanse,89,89,0,0,0,0,50.09494,8.42285,Utrecht (1); Medemblik (1); De Werken en Sleeuwijk (1)
Ochsenfurt,Amerikaanse,89,89,0,0,0,0,49.66436,10.06476,Groningen (9); Heinkenszand (5); Tilburg (3)
Nordhausen,Russische,87,87,0,0,0,0,51.50516,10.79253,Rotterdam (10); Amsterdam (9); Utrecht (6)
Lübbecke,Engelse,87,87,0,0,0,0,52.30272,8.61831,Amsterdam (18); Hoogeveen (4); Enkhuizen (4)
Sulzbach-Rosenberg,Amerikaanse,86,86,0,0,0,0,49.49925,11.74703,'s-Gravenhage (12); Rotterdam (9); Delft (8)
Sondershausen,Russische,86,86,0,0,0,0,51.3666,10.86684,Rotterdam (3)
Warburg,Engelse,86,86,0,0,0,0,51.48865,9.14884,Wildervank (4); Rotterdam (2); Winsum (2)
Speyer,Franse,85,85,0,0,0,0,49.31656,8.43361,Rotterdam (5); Vreeswijk (4); Leiden (3)
Güstrow,Russische,85,85,0,0,0,0,53.79359,12.17649,Rotterdam (6); Swalmen (5); 's-Gravenhage (5)
Hilpoltstein,Amerikaanse,83,83,0,0,0,0,49.17222,11.23427,'s-Hertogenbosch (17); Goirle (5); Eindhoven (3)
Mittweide,Russische,83,83,0,0,0,0,52.06437,14.14531,'s-Gravenhage (7); Roden (3); Zutphen (3)
Burg,Russische,83,83,0,0,0,0,49.96003,6.35121,Arnhem (3); Deventer (3); Stolwijk (3)
Westprignitz,Russische,78,78,0,0,0,0,,,Oudewater (9); Haarlem (4); Grijpskerk (4)
Castrop-Rauxel,Engelse,78,78,0,0,0,0,51.56462,7.31062,'s-Gravenhage (1); Amsterdam (1); Nijmegen (1)
Oberviechtach,Amerikaanse,77,77,0,0,0,0,49.46027,12.41898,Amsterdam (19); Tongelre (5)
Wolmirstedt,Russische,75,75,0,0,0,0,52.24849,11.62674,Amsterdam (10); Rotterdam (6); Hattem (4)
Melle,Engelse,75,75,0,0,0,0,52.19504,8.34748,Vlaardingen (4); Rotterdam (2); Gouda (2)
Duderstadt,Engelse,75,75,0,0,0,0,51.51237,10.26107,Leiden (6); Emmen (4); Smilde (2)
Uffenheim,Amerikaanse,73,73,0,0,0,0,49.54477,10.23047,'s-Gravenhage (11); Rotterdam (6); Haarlem (5)
Mühlhausen In Thuringen,Russische,72,72,0,0,0,0,51.20943,10.4589,'s-Gravenhage (3); Utrecht (2); Smallingerland (2)
Torgau,Russische,70,70,0,0,0,0,51.53832,12.99345,Rotterdam (8); Vlagtwedde (3); Vaals (3)
Greifswald,Russische,69,69,0,0,0,0,54.09579,13.38152,Rotterdam (9); Amsterdam (8); 's-Gravenhage (5)
Eggenfelden,Amerikaanse,69,69,0,0,0,0,48.40319,12.76262,Rotterdam (13); Delft (9); Oldenzaal (4)
Vaihingen,Amerikaanse,68,68,0,0,0,0,48.93214,8.95683,Vlaardingen (10); Rotterdam (9); Harderwijk (7)
Alfeld An Der Leine,Engelse,68,68,0,0,0,0,52.01193,9.78978,Rotterdam (5); Amsterdam (3); Helden (3)
Ludwigslust,Russische,65,65,0,0,0,0,53.33002,11.49936,Amsterdam (2); Doornspijk (1); Rotterdam (1)
Griesbach,Amerikaanse,64,64,0,0,0,0,50.60443,12.61732,'s-Gravenhage (11); Wormer (4); Koog aan de Zaan (4)
Buchen,Amerikaanse,62,62,0,0,0,0,49.52194,9.32513,Utrecht (12); Hoensbroek (6); Amsterdam (3)
Langensalza,Russische,62,62,0,0,0,0,52.17141,9.6599,'s-Gravenhage (8); Utrecht (8); Amsterdam (3)
Ebermannstadt,Amerikaanse,61,61,0,0,0,0,49.78021,11.18751,Groningen (12); Rotterdam (10); Tilburg (4)
Grimma,Russische,60,60,0,0,0,0,51.23664,12.7289,Renkum (6); Amsterdam (6); Lochem (4)
Eschenbach In Der Oberpfalz,Amerikaanse,57,57,0,0,0,0,49.75311,11.82946,Leeuwarden (12); Haarlem (6); Amsterdam (6)
Neumarkt In Der Oberpfalz,Amerikaanse,56,56,0,0,0,0,49.28005,11.45854,Rotterdam (19); De Bilt (6); Amsterdam (6)
Dingolfing,Amerikaanse,55,55,0,0,0,0,48.63008,12.49774,Rotterdam (15); Amsterdam (9); IJsselmuiden (6)
Osterburg,Russische,53,53,0,0,0,0,52.7899,11.7526,Princenhage (8); Gouda (5); Amsterdam (5)
Münsingen,Franse,53,53,0,0,0,0,48.41286,9.49479,Boskoop (4); Rotterdam (2); Vlaardingen (1)
Zittau,Russische,53,53,0,0,0,0,50.90978,14.80089,Amsterdam (9); Zwolle (3); Arnhem (3)
Oberbarnim,Russische,53,53,0,0,0,0,52.60163,14.04583,'s-Gravenhage (6); Axel (4); Delft (3)
Gerolzhafen,Amerikaanse,53,53,0,0,0,0,,,Ridderkerk (10); 's-Gravenhage (7); Den Helder (4)
Eichstatt,Amerikaanse,49,49,0,0,0,0,48.88633,11.19894,Culemborg (15); Vledder (7); Rotterdam (6)
Crailsheim,Amerikaanse,49,49,0,0,0,0,49.13656,10.07202,Leiden (6); Amsterdam (6); Boxtel (3)
Luckau,Russische,48,48,0,0,0,0,51.85242,13.71501,Bergambacht (5); 's-Gravenhage (4); Schoten (4)
Neustadt An Der Waldnaab,Amerikaanse,48,48,0,0,0,0,49.73099,12.1725,Amsterdam (6); Sneek (4); Schiedam (3)
Annaberg,Russische,48,48,0,0,0,0,47.83585,9.66199,Schiedam (3); Hilversum (3); Enschede (3)
Kronach,Amerikaanse,48,48,0,0,0,0,50.24841,11.31321,Rotterdam (6); Amsterdam (6); Linden (5)
Wegscheid,Amerikaanse,47,47,0,0,0,0,48.60115,13.78686,Amsterdam (15); Houten (3); Utrecht (1)
Suderdithmarschen,Engelse,46,46,0,0,0,0,54.17478,9.09189,Wormerveer (7); Rotterdam (4); Weesp (3)
Kehl,Franse,46,46,0,0,0,0,48.5734,7.8114,Diepenveen (3); Rotterdam (3); Utrecht (2)
Calau,Russische,46,46,0,0,0,0,51.74667,13.94931,Amsterdam (3); Woerden (3); Roden (2)
Gera,Russische,46,46,0,0,0,0,50.87655,12.08327,Amsterdam (5); Haarlem (3); Losser (3)
Gotha,Russische,44,44,0,0,0,0,50.94948,10.70144,Hilversum (1); Utrecht (1); Amsterdam (1)
Ballenstedt,Russische,44,44,0,0,0,0,51.72253,11.22903,Assen (4); Vlissingen (4); Rotterdam (4)
Homburg,Franse,43,43,0,0,0,0,49.32146,7.3409,Bloemendaal (4); Utrecht (4); Sliedrecht (3)
Bogen,Amerikaanse,42,42,0,0,0,0,48.90828,12.71854,Veghel (7); Den Dungen (4); Zeist (2)
Oschatz,Russische,42,42,0,0,0,0,51.29796,13.10811,Rotterdam (1)
Meissen,Russische,40,40,0,0,0,0,51.16309,13.47049,Amsterdam (11); 's-Gravenhage (5); Leerdam (3)
Bitburg,Franse,40,40,0,0,0,0,49.97328,6.52495,Rotterdam (4); Amsterdam (4); Grootebroek (3)
Gardelegen,Russische,39,39,0,0,0,0,52.52694,11.39274,Rotterdam (5); Berghem (3)
Uberlingen,Franse,38,38,0,0,0,0,47.76645,9.16051,'s-Gravenhage (4); Rotterdam (3); Vught (1)
Schleusingen,Russische,38,38,0,0,0,0,50.54168,10.76696,Groningen (3); Renkum (3); Utrecht (2)
Schmalkalden,Russische,36,36,0,0,0,0,50.72136,10.45105,Rotterdam (13); Amsterdam (5); 's-Gravenhage (4)
Wittenberge,Russische,35,35,0,0,0,0,53.01129,11.73743,Amsterdam (7); Leeuwarden (4); Groningen (2)
Ueckermünde,Russische,35,35,0,0,0,0,53.73711,14.04589,Emmen (3); 's-Gravenhage (3); Brunssum (1)
Angermünde,Russische,35,35,0,0,0,0,53.01728,13.99815,Zutphen (6); Utrecht (2); Amsterdam (2)
Birkenfeld,Franse,34,34,0,0,0,0,49.64882,7.16475,Utrecht (3); Franeker (2); Rotterdam (1)
Bergzabern,Franse,34,34,0,0,0,0,49.10281,7.99913,Amsterdam (5); Leiden (2); Rotterdam (2)
Brandenburg An Der Havel,Russische,32,32,0,0,0,0,52.41083,12.54979,Amsterdam (6); Rotterdam (3); 's-Gravenhage (2)
Neubrandenburg,Russische,32,32,0,0,0,0,53.55745,13.26028,Linne (1)
Oelsnitz,Russische,32,32,0,0,0,0,50.41335,12.15907,Amsterdam (1); Hazerswoude (1)
Waldmünchen,Amerikaanse,31,31,0,0,0,0,49.37757,12.70621,Utrecht (10); Apeldoorn (6); Amsterdam (6)
Daun,Franse,31,31,0,0,0,0,50.19625,6.8305,Haarlemmermeer (2); Midwolda (2); Rotterdam (2)
Templin,Russische,30,30,0,0,0,0,53.11935,13.50056,Heerlen (3); Rotterdam (3); Schoonhoven (2)
Schweinitz,Russische,30,30,0,0,0,0,52.10961,12.19884,'s-Gravenhage (4); Susteren (2); Amsterdam (1)
Zell,Franse,30,30,0,0,0,0,48.34821,8.06533,Rotterdam (3); Amsterdam (3); Heer (1)
Mansfelderseekreis,Russische,29,29,0,0,0,0,51.48269,11.68058,Amsterdam (2); Nijmegen (1)
Rochlitz,Russische,29,29,0,0,0,0,51.04568,12.79905,Zutphen (3); Delft (2); Dordrecht (1)
Saarbrucken,,28,28,0,0,0,0,49.23436,6.99638,Rotterdam (7); 's-Gravenhage (5); Amsterdam (2)
Norderdithmarschen,Engelse,28,28,0,0,0,0,54.20561,9.10008,Amsterdam (1); De Bilt (1)
Beilngries,Amerikaanse,28,28,0,0,0,0,49.01967,11.50367,Rotterdam (12); Gouda (8); Amsterdam (6)
Marienberg,Russische,27,27,0,0,0,0,50.65073,13.16319,Groningen (4); Alkmaar (3); Leiden (3)
Frankfurt An Der Oder,Russische,26,26,0,0,0,0,52.34123,14.54945,Amsterdam (8); 's-Gravenhage (2); Rotterdam (2)
Stollberg,Russische,26,26,0,0,0,0,50.70877,12.77626,Amsterdam (4); Rotterdam (4); Dordrecht (3)
Eiderstadt,Engelse,25,25,0,0,0,0,,,Zwijndrecht (1); Meppel (1); Rotterdam (1)
Regen,Amerikaanse,25,25,0,0,0,0,49.18442,12.42518,Appingedam (3)
Flöha,Russische,25,25,0,0,0,0,50.85035,13.07723,Sneek (5); Utrecht (1)
Monschau,Engelse,25,25,0,0,0,0,50.55447,6.2408,Haarlem (1); Amsterdam (1); Beegden (1)
Greiz,Russische,25,25,0,0,0,0,50.77838,12.07635,Rotterdam (6); Noordwijkerhout (6); Deventer (3)
Parsberg,Amerikaanse,24,24,0,0,0,0,49.15988,11.71877,Rotterdam (15); Tilburg (3)
Spremberg,Russische,24,24,0,0,0,0,51.57145,14.38043,Amsterdam (7); Idaarderadeel (2); Eindhoven (2)
Staffelstein,Amerikaanse,24,24,0,0,0,0,47.75637,12.35837,Heerlen (3); Rotterdam (2); Arnhem (2)
Radebeul,Russische,24,24,0,0,0,0,51.09998,13.6768,Vlissingen (3); Delft (1)
Zeitz,Russische,23,23,0,0,0,0,51.04916,12.135,Alkmaar (2); Rotterdam (2); Amsterdam (2)
Simmern,Franse,23,23,0,0,0,0,49.98373,7.52277,Groningen (1)
Wurzen,Russische,23,23,0,0,0,0,51.37096,12.74106,Velsen (4); Vriezenveen (2); Rotterdam (2)
Mansfeldergebirgskreis,Russische,23,23,0,0,0,0,51.48269,11.68058,Amsterdam (8); Ambt Ommen (4); Maarssen (3)
Parchim,Russische,22,22,0,0,0,0,53.42585,11.84752,Den Helder (4); Amsterdam (4); 's-Gravenhage (1)
Döbeln,Russische,22,22,0,0,0,0,51.1167,13.1167,Oostzaan (3); Heinkenszand (3); Geldrop (2)
Rottenburg,Amerikaanse,22,22,0,0,0,0,48.47696,8.93368,Amsterdam (6); Tilburg (4); Harlingen (3)
Schaumburg-Lippe,Engelse,21,21,0,0,0,0,50.72989,7.10926,Hoogeveen (3); 's-Gravenhage (2); Doesburg (1)
Schönberg,Russische,20,20,0,0,0,0,53.67818,10.43184,Beerta (3); Amsterdam (2); Vlaardingen (1)
Lübben,Russische,19,19,0,0,0,0,51.9419,13.89638,Amsterdam (3); Gorinchem (1); Rotterdam (1)
Grossenhain,Russische,19,19,0,0,0,0,51.29118,13.53172,Maastricht (4); Delft (2); Amsterdam (2)
Kirchheimbolanden,Franse,19,19,0,0,0,0,49.66443,8.01074,Amsterdam (3); Sappemeer (1); Krommenie (1)
Lobau,Russische,19,19,0,0,0,0,51.09473,14.66924,Kerkrade (2); Rotterdam (1); 's-Gravenhage (1)
Rathenow,Russische,18,18,0,0,0,0,52.60637,12.33823,Rotterdam (4); Utrecht (2); Amsterdam (1)
Vohenstrauss,Amerikaanse,18,18,0,0,0,0,49.62383,12.34144,Losser (10); Amsterdam (4); Veenendaal (1)
Eisenach,Russische,16,16,0,0,0,0,50.97471,10.31936,
Sangerhausen,Russische,16,16,0,0,0,0,51.47298,11.29819,Aalsmeer (4); Dirksland (1); Rotterdam (1)
Stadtroda,Russische,16,16,0,0,0,0,50.85827,11.72636,Dongen (3); Eindhoven (2); Amsterdam (1)
Prüm,Franse,16,16,0,0,0,0,50.20695,6.4249,
Anklam,Russische,16,16,0,0,0,0,53.85605,13.68809,Amsterdam (1); Muntendam (1)
Meerane,Russische,15,15,0,0,0,0,50.84278,12.45816,Rotterdam (4); Weert (3); Loon op Zand (1)
Eisleben,Russische,14,14,0,0,0,0,51.52833,11.54659,Ameide (2); Wijlre (1); Amsterdam (1)
Reichenbach,Russische,13,13,0,0,0,0,50.62005,12.29927,Oldebroek (3); Helmond (2); Amsterdam (1)
Wismar,Russische,13,13,0,0,0,0,53.89098,11.46479,Hillegom (4)
Riedenburg,Amerikaanse,12,12,0,0,0,0,48.9717,11.69272,
Beeskow-Storkow,Russische,11,11,0,0,0,0,52.17216,14.24711,Vlijmen (3); Krommenie (1); Rotterdam (1)
Wittenau,Russische,11,11,0,0,0,0,52.59124,13.32332,Vlodrop (5)
Demmin,Russische,10,10,0,0,0,0,53.907,13.03278,
Cottbus,Russische,9,9,0,0,0,0,51.75674,14.33573,'s-Gravenhage (2); Rotterdam (1)
Schleiz,Russische,9,9,0,0,0,0,50.55905,11.804,Rotterdam (2)
Kamenz,Russische,9,9,0,0,0,0,51.27014,14.09486,'s-Gravenhage (3)
Wolfstein,Amerikaanse,9,9,0,0,0,0,49.58299,7.60653,Rotterdam (5); Amsterdam (1)
Riesa,Russische,8,8,0,0,0,0,51.30382,13.30883,Amsterdam (2)
Delitzsch,Russische,8,8,0,0,0,0,51.52557,12.34286,Rotterdam (1)
Werdau,Russische,8,8,0,0,0,0,50.73614,12.37638,Amsterdam (1); 's-Gravenhage (1); Dordrecht (1)
Dippoldiswalde,Russische,8,8,0,0,0,0,50.89505,13.66333,Sneek (1)
Wesendorf,Russische,8,8,0,0,0,0,52.59295,10.53474,Hilversum (2); Amsterdam (2); 's-Gravenhage (2)
Kemnath,Amerikaanse,8,8,0,0,0,0,49.85812,11.93552,Rheden (7)
Stralsund,Russische,8,8,0,0,0,0,54.30963,13.08208,Dordrecht (2); Leiden (1); Utrecht (1)
Rockenhausen,Franse,7,7,0,0,0,0,49.62903,7.82065,Hennaarderadeel (1)
Land Hadeln,Engelse,7,7,0,0,0,0,53.73717,8.93301,Den Helder (1); Harenkarspel (1); Zutphen (1)
Öhringen,Amerikaanse,7,7,0,0,0,0,49.2005,9.50244,Assen (1)
Montabaur,Franse,6,6,0,0,0,0,50.43622,7.83025,Dordrecht (2); Hilversum (2)
Diez,Franse,6,6,0,0,0,0,50.36942,8.01745,Haarlem (4)
Westhavelland,Russische,5,5,0,0,0,0,52.67037,12.43219,Rotterdam (2); Amsterdam (1)
Kolmar,Franse,5,5,0,0,0,0,52.51301,13.38049,Amsterdam (3); Hoensbroek (2)
Weisswasser,Russische,4,4,0,0,0,0,51.50543,14.63818,Zeist (1)
St. Wendel,Franse,4,4,0,0,0,0,49.46699,7.16962,Vlaardingen (1); Rotterdam (1); Maassluis (1)
Weissenfels,Russische,4,4,0,0,0,0,51.19998,11.96679,
Eckartsberga,Russische,4,4,0,0,0,0,51.12319,11.56041,Vorden (1); Rotterdam (1); Gouda (1)
Rügen,Russische,3,3,0,0,0,0,54.4529,13.38823,Utrecht (1); Kruiningen (1)
Ostprignitz,Russische,3,3,0,0,0,0,53.00106,12.70337,
Weissensee,Russische,3,3,0,0,0,0,52.55462,13.463,
Görlitz,Russische,3,3,0,0,0,0,51.15632,14.99102,Zwolle (1); Groningen (1)
Guben,Russische,3,3,0,0,0,0,51.95032,14.71536,
Memmingen Zijn Begraven,,2,0,2,0,0,0,47.98162,10.16873,
Malchin,Russische,2,2,0,0,0,0,53.73826,12.76442,Stolwijk (1)
Liebenwerda,Russische,2,2,0,0,0,0,51.52102,13.363,
Prenzlau,Russische,1,1,0,0,0,0,53.3167,13.86657,Leiden (1)
Marienburg,Engelse,1,1,0,0,0,0,50.90149,6.97746,
Jessen,Russische,1,1,0,0,0,0,51.79312,12.95907,
